,titles,year,runtime,imbd,meta,vote,gross_amt
0,Tenet,2020,150,7.8,69        ,131477,45.1
1,One Flew Over the Cuckoo's Nest,1975,133,8.7,83        ,899744,112.0
2,The Gentlemen,2019,113,7.9,51        ,192569,
3,Knives Out,2019,130,7.9,82        ,400227,165.36
4,Harry Potter and the Sorcerer's Stone,2001,152,7.6,64        ,633180,317.58
5,Joker,2019,122,8.5,59        ,879530,335.45
6,Halloween,1978,91,7.8,87        ,224687,47.0
7,Once Upon a Time... In Hollywood,2019,161,7.6,83        ,519483,142.5
8,Avengers: Endgame,2019,181,8.4,78        ,770480,858.37
9,Parasite,2019,132,8.6,96        ,490989,53.37
10,The Shining,1980,146,8.4,66        ,876197,44.02
11,Jojo Rabbit,2019,108,7.9,58        ,266009,0.35
12,The Shawshank Redemption,1994,142,9.3,80        ,2293163,28.34
13,Interstellar,2014,169,8.6,74        ,1466105,188.02
14,The Silence of the Lambs,1991,118,8.6,85        ,1242990,130.74
15,The Nightmare Before Christmas,1993,76,8.0,82        ,287320,75.08
16,The Dark Knight,2008,152,9.0,84        ,2258200,534.86
17,Hamilton,2020,160,8.7,90        ,43438,
18,The Wolf of Wall Street,2013,180,8.2,75        ,1151018,116.9
19,The Godfather,1972,175,9.2,100        ,1582906,134.97
20,Blade Runner 2049,2017,164,8.0,81        ,446508,92.05
21,Fargo,1996,98,8.1,85        ,604611,24.61
22,Inception,2010,148,8.8,74        ,2020281,292.58
23,Back to the Future,1985,116,8.5,87        ,1034864,210.61
24,Ford v Ferrari,2019,152,8.1,81        ,264590,117.62
25,1917,2019,119,8.3,78        ,375971,159.23
26,The Exorcist,1973,122,8.0,81        ,356125,232.91
27,The Lord of the Rings: The Fellowship of the Ring,2001,178,8.8,92        ,1628539,315.54
28,Pulp Fiction,1994,154,8.9,94        ,1790860,107.93
29,Spider-Man: Into the Spider-Verse,2018,117,8.4,87        ,343218,190.24
30,Titanic,1997,194,7.8,75        ,1027947,659.33
31,Se7en,1995,127,8.6,65        ,1412239,100.13
32,Thor: Ragnarok,2017,130,7.9,74        ,570128,315.06
33,Mad Max: Fury Road,2015,120,8.1,90        ,862377,154.06
34,The Peanut Butter Falcon,2019,97,7.6,70        ,56855,13.12
35,The Goonies,1985,114,7.8,62        ,239658,61.5
36,Zodiac,2007,157,7.7,78        ,450272,33.08
37,The Matrix,1999,136,8.7,73        ,1642134,171.48
38,Ghostbusters,1984,105,7.8,71        ,348996,238.63
39,Little Women,2019,135,7.8,91        ,127135,108.1
40,Goodfellas,1990,146,8.7,90        ,998377,46.84
41,The Dark Knight Rises,2012,164,8.4,78        ,1489796,448.14
42,Alien,1979,117,8.4,89        ,773599,78.9
43,Harry Potter and the Goblet of Fire,2005,157,7.7,81        ,534401,290.01
44,Gladiator,2000,155,8.5,67        ,1315775,187.71
45,Gone Girl,2014,149,8.1,79        ,839410,167.77
46,Watchmen,2009,162,7.6,56        ,494058,107.51
47,Get Out,2017,104,7.7,85        ,477076,176.04
48,Fight Club,1999,139,8.8,66        ,1818315,37.03
49,Pride & Prejudice,2005,129,7.8,82        ,251029,38.41
50,Jurassic Park,1993,127,8.1,68        ,851335,402.45
51,The Thing,1982,109,8.1,57        ,362869,13.78
52,Inglourious Basterds,2009,153,8.3,69        ,1238057,120.54
53,Hacksaw Ridge,2016,139,8.1,71        ,422401,67.21
54,Django Unchained,2012,165,8.4,81        ,1327027,162.81
55,Casino Royale,2006,144,8.0,80        ,573344,167.45
56,Schindler's List,1993,195,8.9,94        ,1190453,96.9
57,Saving Private Ryan,1998,169,8.6,91        ,1211338,216.54
58,Mission: Impossible - Fallout,2018,147,7.7,86        ,283676,220.16
59,"Three Billboards Outside Ebbing, Missouri",2017,115,8.2,88        ,416314,54.51
60,Forrest Gump,1994,142,8.8,82        ,1767190,330.25
61,Psycho,1960,109,8.5,97        ,591459,32.0
62,Avengers: Infinity War,2018,149,8.4,68        ,805503,678.82
63,The Lord of the Rings: The Return of the King,2003,201,8.9,94        ,1612795,377.85
64,The Big Lebowski,1998,117,8.1,71        ,718618,17.5
65,The Irishman,2019,209,7.9,94        ,309146,7.0
66,300,2006,117,7.6,52        ,724707,210.61
67,The Social Network,2010,120,7.7,95        ,612606,96.96
68,The Departed,2006,151,8.5,85        ,1166500,132.38
69,Requiem for a Dream,2000,102,8.3,68        ,752867,3.64
70,Harry Potter and the Deathly Hallows: Part 2,2011,130,8.1,85        ,747994,381.01
71,The Prestige,2006,130,8.5,66        ,1164032,53.09
72,American Beauty,1999,122,8.3,84        ,1053839,130.1
73,American Psycho,2000,101,7.6,64        ,477737,15.07
74,Bohemian Rhapsody,2018,134,8.0,49        ,437329,216.43
75,The Girl with the Dragon Tattoo,2011,158,7.8,71        ,413993,102.52
76,Casino,1995,178,8.2,73        ,456285,42.44
77,No Country for Old Men,2007,122,8.1,91        ,837536,74.28
78,Dazed and Confused,1993,102,7.6,78        ,162452,7.99
79,Léon: The Professional,1994,110,8.5,64        ,1014197,19.5
80,Tombstone,1993,130,7.8,50        ,123888,56.51
81,Deadpool,2016,108,8.0,65        ,886711,363.07
82,The Green Mile,1999,189,8.6,61        ,1120758,136.8
83,Harry Potter and the Prisoner of Azkaban,2004,142,7.9,82        ,537351,249.36
84,Guardians of the Galaxy,2014,121,8.0,76        ,1028072,333.18
85,The Princess Bride,1987,98,8.1,77        ,387782,30.86
86,Prisoners,2013,153,8.1,70        ,585954,61.0
87,Call Me by Your Name,2017,132,7.9,93        ,202376,18.1
88,V for Vendetta,2005,132,8.2,62        ,1014826,70.51
89,Good Will Hunting,1997,126,8.3,70        ,843139,138.43
90,Blade Runner,1982,117,8.1,84        ,682005,32.87
91,Deadpool 2,2018,119,7.7,66        ,464922,324.59
92,Edward Scissorhands,1990,105,7.9,74        ,439430,56.36
93,Baby Driver,2017,113,7.6,86        ,426433,107.83
94,Whiplash,2014,106,8.5,88        ,696636,13.09
95,Boogie Nights,1997,155,7.9,85        ,235215,26.4
96,12 Years a Slave,2013,134,8.1,96        ,628348,56.67
97,Home Alone,1990,103,7.6,63        ,454077,285.76
98,Avatar,2009,162,7.8,83        ,1105047,760.51
99,Apocalypse Now,1979,147,8.4,94        ,594775,83.47
100,Room,2015,118,8.1,86        ,361069,14.68
101,The Breakfast Club,1985,97,7.8,66        ,351549,45.88
102,Terminator 2: Judgment Day,1991,137,8.5,75        ,980030,204.84
103,Memento,2000,113,8.4,80        ,1106218,25.54
104,The Fifth Element,1997,126,7.7,52        ,427676,63.54
105,Coco,2017,105,8.4,81        ,358226,209.73
106,Taxi Driver,1976,114,8.3,94        ,708473,28.26
107,Shutter Island,2010,138,8.2,63        ,1104020,128.01
108,Moana,2016,107,7.6,81        ,263740,248.76
109,Batman Begins,2005,140,8.2,70        ,1285995,206.85
110,The Fly,1986,96,7.6,79        ,156562,40.46
111,Pirates of the Caribbean: The Curse of the Black Pearl,2003,143,8.0,63        ,1004302,305.41
112,Mulan,1998,88,7.6,71        ,250518,120.62
113,Green Book,2018,130,8.2,69        ,348719,85.08
114,Stardust,2007,127,7.6,66        ,251427,38.63
115,Eternal Sunshine of the Spotless Mind,2004,108,8.3,89        ,895419,34.4
116,Her,2013,126,8.0,90        ,527878,25.57
117,Kick-Ass,2010,117,7.6,66        ,519329,48.07
118,Aliens,1986,137,8.3,84        ,642795,85.16
119,Coraline,2009,100,7.7,80        ,192414,75.29
120,The Lord of the Rings: The Two Towers,2002,179,8.7,87        ,1457627,342.55
121,Dunkirk,2017,106,7.9,94        ,537849,188.37
122,A Clockwork Orange,1971,136,8.3,77        ,744498,6.21
123,Guardians of the Galaxy Vol. 2,2017,136,7.6,67        ,554860,389.81
124,The Help,2011,146,8.0,62        ,421543,169.71
125,The Usual Suspects,1995,106,8.5,77        ,974350,23.34
126,Snatch,2000,102,8.3,55        ,770184,30.33
127,Full Metal Jacket,1987,116,8.3,76        ,662361,46.36
128,Portrait of a Lady on Fire,2019,122,8.1,95        ,53275,3.76
129,Star Wars: Episode IV - A New Hope,1977,121,8.6,90        ,1209951,322.74
130,Stand by Me,1986,89,8.1,75        ,357712,52.29
131,The Revenant,2015,156,8.0,76        ,689315,183.64
132,Skyfall,2012,143,7.7,81        ,622686,304.36
133,Scarface,1983,170,8.3,65        ,725930,45.6
134,A Star Is Born,2018,136,7.7,88        ,322614,215.29
135,Catch Me If You Can,2002,141,8.1,75        ,807303,164.62
136,Ex Machina,2014,108,7.7,78        ,465389,25.44
137,The Godfather: Part II,1974,202,9.0,90        ,1105874,57.3
138,Lawrence of Arabia,1962,228,8.3,100        ,263227,44.82
139,Braveheart,1995,178,8.3,68        ,945693,75.6
140,The Searchers,1956,119,7.9,94        ,78948,
141,Donnie Darko,2001,113,8.0,88        ,730867,1.48
142,The Terminator,1984,107,8.0,84        ,788630,38.4
143,Back to the Future Part II,1989,108,7.8,57        ,471460,118.5
144,Superbad,2007,113,7.6,76        ,513516,121.46
145,Hidden Figures,2016,127,7.8,74        ,195069,169.61
146,Harry Potter and the Deathly Hallows: Part 1,2010,146,7.7,65        ,466495,295.98
147,The Sixth Sense,1999,107,8.1,64        ,898570,293.51
148,Sherlock Holmes,2009,128,7.6,57        ,576285,209.03
149,Heat,1995,170,8.2,76        ,565832,67.44
150,What We Do in the Shadows,2014,86,7.7,76        ,152482,3.33
151,The Avengers,2012,143,8.0,69        ,1245706,623.28
152,Willy Wonka & the Chocolate Factory,1971,100,7.8,67        ,175137,4.0
153,Star Wars: Episode V - The Empire Strikes Back,1980,124,8.7,82        ,1138177,290.48
154,Citizen Kane,1941,119,8.3,100        ,391842,1.59
155,Hunt for the Wilderpeople,2016,101,7.9,81        ,106101,5.2
156,Mulholland Drive,2001,147,8.0,85        ,315137,7.22
157,The Grand Budapest Hotel,2014,99,8.1,88        ,691841,59.1
158,Harry Potter and the Half-Blood Prince,2009,153,7.6,78        ,461594,301.96
159,Ferris Bueller's Day Off,1986,103,7.8,61        ,315613,70.14
160,Sicario,2015,121,7.6,82        ,363441,46.89
161,Jaws,1975,124,8.0,87        ,537649,260.0
162,Iron Man,2008,126,7.9,79        ,924906,318.41
163,The Lion King,1994,88,8.5,88        ,922905,422.78
164,The Hobbit: An Unexpected Journey,2012,169,7.8,58        ,748237,303.0
165,American History X,1998,119,8.5,62        ,1019088,6.72
166,Spirited Away,2001,125,8.6,96        ,632602,10.06
167,The Notebook,2004,123,7.8,53        ,511040,81.0
168,Pan's Labyrinth,2006,118,8.2,98        ,609780,37.63
169,Airplane!,1980,88,7.7,78        ,210235,83.4
170,Arrival,2016,116,7.9,81        ,580222,100.55
171,Marriage Story,2019,137,8.0,94        ,232054,2.0
172,Kingsman: The Secret Service,2014,129,7.7,60        ,582228,128.26
173,There Will Be Blood,2007,158,8.2,93        ,506426,40.22
174,Love Actually,2003,135,7.6,55        ,417104,59.7
175,Black Swan,2010,108,8.0,79        ,688968,106.95
176,Gran Torino,2008,116,8.1,72        ,710455,148.1
177,2001: A Space Odyssey,1968,149,8.3,84        ,591754,56.95
178,The Martian,2015,144,8.0,80        ,745216,228.43
179,E.T. the Extra-Terrestrial,1982,115,7.8,91        ,364877,435.11
180,Star Trek,2009,127,7.9,82        ,572984,257.73
181,The Deer Hunter,1978,183,8.1,86        ,306088,48.98
182,12 Angry Men,1957,96,8.9,96        ,673682,4.36
183,Rogue One: A Star Wars Story,2016,133,7.8,65        ,541845,532.18
184,Toy Story 4,2019,100,7.8,84        ,192451,434.04
185,Captain America: Civil War,2016,147,7.8,75        ,648855,408.08
186,The Big Short,2015,130,7.8,81        ,351793,70.26
187,"O Brother, Where Art Thou?",2000,107,7.7,69        ,280853,45.51
188,The Wizard of Oz,1939,102,8.0,100        ,367382,2.08
189,Moneyball,2011,133,7.6,87        ,357405,75.61
190,Sin City,2005,124,8.0,74        ,734490,74.1
191,The Truman Show,1998,103,8.1,90        ,917410,125.62
192,Man on Fire,2004,146,7.7,47        ,325062,77.91
193,A Beautiful Mind,2001,135,8.2,72        ,832526,170.74
194,La La Land,2016,128,8.0,94        ,491791,151.1
195,Nightcrawler,2014,117,7.9,76        ,453223,32.38
196,Logan,2017,137,8.1,77        ,632225,226.28
197,Unforgiven,1992,130,8.2,85        ,369515,101.16
198,Almost Famous,2000,122,7.9,90        ,248848,32.53
199,The Hateful Eight,2015,168,7.8,68        ,502801,54.12
200,Wonder,2017,113,8.0,66        ,136049,132.42
201,A Hard Day's Night,1964,87,7.6,96        ,39657,13.78
202,Atonement,2007,123,7.8,85        ,245944,50.93
203,Kill Bill: Vol. 1,2003,111,8.1,69        ,982883,70.1
204,Saw,2004,103,7.6,46        ,373760,56.0
205,Kill Bill: Vol. 2,2004,137,8.0,83        ,672110,66.21
206,Edge of Tomorrow,2014,113,7.9,71        ,589252,100.21
207,The Curious Case of Benjamin Button,2008,166,7.8,70        ,578658,127.51
208,Captain Fantastic,2016,118,7.9,72        ,183855,5.88
209,Oldboy,2003,101,8.4,77        ,504469,0.71
210,Die Hard,1988,132,8.2,72        ,771422,83.01
211,Enemy at the Gates,2001,131,7.6,53        ,239545,51.4
212,The Hangover,2009,100,7.7,73        ,708591,277.32
213,Reservoir Dogs,1992,99,8.3,79        ,901769,2.83
214,Remember the Titans,2000,113,7.8,48        ,195247,115.65
215,Dead Poets Society,1989,128,8.1,79        ,414243,95.86
216,Lost in Translation,2003,102,7.7,89        ,406237,44.59
217,The Perks of Being a Wallflower,2012,103,8.0,67        ,454150,17.74
218,The Blind Side,2009,129,7.6,53        ,287565,255.96
219,Drive,2011,100,7.8,78        ,561473,35.06
220,28 Days Later...,2002,113,7.6,73        ,371144,45.06
221,The Handmaiden,2016,145,8.1,84        ,106702,2.01
222,True Romance,1993,119,7.9,59        ,203617,12.28
223,The Theory of Everything,2014,123,7.7,72        ,394631,35.89
224,Inside Out,2015,95,8.1,94        ,597275,356.46
225,"The Good, the Bad and the Ugly",1966,178,8.8,90        ,676499,6.1
226,About Time,2013,123,7.8,55        ,291785,15.32
227,Black Hawk Down,2001,144,7.7,74        ,359531,108.64
228,Hot Fuzz,2007,121,7.8,81        ,456472,23.64
229,Manchester by the Sea,2016,137,7.8,96        ,240352,47.7
230,Raiders of the Lost Ark,1981,115,8.4,85        ,869797,248.16
231,Wind River,2017,107,7.7,73        ,197065,33.8
232,Life Is Beautiful,1997,116,8.6,59        ,609909,57.6
233,Akira,1988,124,8.0,-,161065,0.55
234,Young Frankenstein,1974,106,8.0,80        ,141191,86.3
235,Children of Men,2006,109,7.9,84        ,458708,35.55
236,The Invisible Guest,2016,106,8.1,-,130372,
237,Rosemary's Baby,1968,137,8.0,96        ,189270,
238,Shaun of the Dead,2004,99,7.9,76        ,504640,13.54
239,The Pianist,2002,150,8.5,85        ,712912,32.57
240,Ocean's Eleven,2001,116,7.7,74        ,506817,183.42
241,Apocalypto,2006,139,7.8,68        ,287351,50.87
242,Zootopia,2016,108,8.0,78        ,424059,341.27
243,Night of the Living Dead,1968,96,7.9,89        ,114142,0.09
244,Once Upon a Time in America,1984,229,8.4,-,304604,5.32
245,Your Name.,2016,106,8.4,79        ,182549,5.02
246,Big Fish,2003,125,8.0,58        ,410140,66.26
247,Spotlight,2015,129,8.1,93        ,409875,45.06
248,Trainspotting,1996,93,8.1,83        ,626011,16.5
249,Warrior,2011,140,8.2,71        ,429647,13.66
250,Close Encounters of the Third Kind,1977,138,7.6,90        ,181607,132.09
251,The Sound of Music,1965,172,8.0,63        ,199541,163.21
252,City of God,2002,130,8.6,79        ,689086,7.56
253,Star Wars: Episode VII - The Force Awakens,2015,138,7.9,80        ,848171,936.66
254,The Last Samurai,2003,154,7.7,55        ,394174,111.11
255,Downfall,2004,156,8.2,82        ,326349,5.51
256,The Imitation Game,2014,114,8.0,73        ,671908,91.13
257,The Incredibles,2004,115,8.0,90        ,645920,261.44
258,The Intouchables,2011,112,8.5,57        ,741543,13.18
259,Casablanca,1942,102,8.5,100        ,513099,1.02
260,X-Men: Days of Future Past,2014,132,7.9,75        ,652513,233.92
261,Ratatouille,2007,111,8.0,96        ,628297,206.45
262,The Bourne Identity,2002,119,7.9,68        ,501056,121.66
263,Birdman or (The Unexpected Virtue of Ignorance),2014,119,7.7,87        ,569703,42.34
264,Rocky,1976,120,8.1,70        ,508876,117.24
265,Into the Wild,2007,148,8.1,73        ,563417,18.35
266,Being John Malkovich,1999,113,7.7,90        ,307487,22.86
267,Scent of a Woman,1992,156,8.0,59        ,256098,63.9
268,The Birds,1963,119,7.7,90        ,168410,11.4
269,The Royal Tenenbaums,2001,110,7.6,76        ,262271,52.36
270,Incendies,2010,131,8.3,80        ,144539,6.86
271,The Hunt,2012,115,8.3,77        ,272154,0.69
272,The Others,2001,104,7.6,74        ,332001,96.52
273,The Game,1997,129,7.8,61        ,338680,48.32
274,The Right Stuff,1983,193,7.8,91        ,55267,21.5
275,Star Wars: Episode VI - Return of the Jedi,1983,131,8.3,58        ,932908,309.13
276,Zombieland,2009,88,7.6,73        ,513065,75.59
277,X-Men: First Class,2011,131,7.7,65        ,638921,146.41
278,Captain America: The Winter Soldier,2014,136,7.7,70        ,722972,259.77
279,Memories of Murder,2003,132,8.1,82        ,130843,0.01
280,Training Day,2001,122,7.7,69        ,383424,76.63
281,Howl's Moving Castle,2004,119,8.2,80        ,322862,4.71
282,The Hobbit: The Desolation of Smaug,2013,161,7.8,66        ,592927,258.37
283,Once Upon a Time in the West,1968,165,8.5,80        ,297421,5.32
284,Gone with the Wind,1939,238,8.1,97        ,285445,198.68
285,Office Space,1999,89,7.7,68        ,238557,10.82
286,Rear Window,1954,112,8.4,100        ,435446,36.76
287,12 Monkeys,1995,129,8.0,74        ,570778,57.14
288,Who Framed Roger Rabbit,1988,104,7.7,83        ,179371,156.45
289,Capernaum,2018,126,8.4,75        ,55936,1.66
290,Silver Linings Playbook,2012,122,7.7,81        ,653229,132.09
291,Predator,1987,107,7.8,45        ,366194,59.74
292,Toy Story,1995,81,8.3,95        ,869632,191.8
293,The Godfather: Part III,1990,162,7.6,60        ,352255,66.67
294,Sleepers,1996,147,7.6,49        ,184415,49.1
295,North by Northwest,1959,136,8.3,98        ,293784,13.28
296,Blue Is the Warmest Colour,2013,180,7.7,89        ,136176,2.2
297,Brokeback Mountain,2005,134,7.7,87        ,318502,83.04
298,Amélie,2001,122,8.3,69        ,693524,33.23
299,In Bruges,2008,107,7.9,67        ,385370,7.76
300,Amadeus,1984,160,8.3,88        ,363058,51.97
301,Taken,2008,90,7.8,51        ,559611,145.0
302,"Monsters, Inc.",2001,92,8.0,79        ,799537,289.92
303,Come and See,1985,142,8.3,-,55539,
304,Evil Dead II,1987,84,7.8,72        ,145550,5.92
305,L.A. Confidential,1997,138,8.2,90        ,524051,64.62
306,A Few Good Men,1992,138,7.7,62        ,230884,141.34
307,Platoon,1986,120,8.1,92        ,375122,138.53
308,Primal Fear,1996,129,7.7,47        ,183949,56.12
309,The Fault in Our Stars,2014,126,7.7,69        ,338790,124.87
310,Shrek,2001,90,7.8,84        ,603270,267.67
311,"Lock, Stock and Two Smoking Barrels",1998,107,8.2,66        ,527159,3.9
312,Up,2009,96,8.2,88        ,916852,293.0
313,Deliverance,1972,109,7.7,80        ,97330,7.06
314,Tangled,2010,100,7.7,71        ,398313,200.82
315,Mystic River,2003,138,7.9,84        ,413262,90.14
316,Glory,1989,122,7.8,78        ,120086,26.83
317,Mary Poppins,1964,139,7.8,88        ,155123,102.27
318,The Lives of Others,2006,137,8.4,89        ,351888,11.29
319,Misery,1990,107,7.8,75        ,180459,61.28
320,Vertigo,1958,128,8.3,100        ,356022,3.2
321,The Bourne Supremacy,2004,108,7.7,73        ,428827,176.24
322,Blue Velvet,1986,120,7.7,76        ,177649,8.55
323,Walk the Line,2005,136,7.8,72        ,230572,119.52
324,Argo,2012,120,7.7,86        ,565187,136.03
325,Crash,2004,112,7.7,66        ,416163,54.58
326,Serenity,2005,119,7.8,74        ,280626,25.51
327,Dances with Wolves,1990,181,8.0,72        ,236201,184.21
328,Dr. Strangelove or: How I Learned to Stop Worrying and Love the Bomb,1964,95,8.4,97        ,443460,0.28
329,The Butterfly Effect,2004,113,7.6,30        ,445934,57.94
330,Magnolia,1999,188,8.0,77        ,285811,22.46
331,Finding Nemo,2003,100,8.1,90        ,932813,380.84
332,The Warriors,1979,92,7.6,65        ,92305,22.49
333,Moonrise Kingdom,2012,94,7.8,84        ,313214,45.51
334,500 Days of Summer,2009,95,7.7,76        ,466294,32.39
335,First Blood,1982,93,7.7,61        ,222633,47.21
336,Midnight in Paris,2011,94,7.7,81        ,382114,56.82
337,Chinatown,1974,130,8.1,92        ,288813,29.2
338,The Hunt for Red October,1990,135,7.6,58        ,175916,122.01
339,Rush,2013,123,8.1,74        ,425288,26.95
340,Minority Report,2002,145,7.6,80        ,500996,132.07
341,Cast Away,2000,143,7.8,73        ,513568,233.63
342,Donnie Brasco,1997,127,7.7,76        ,273873,41.91
343,The Count of Monte Cristo,2002,131,7.8,61        ,127432,54.23
344,Million Dollar Baby,2004,132,8.1,86        ,626421,100.49
345,Before Sunrise,1995,101,8.1,77        ,265149,5.54
346,WALL·E,2008,98,8.4,95        ,980261,223.81
347,The Blues Brothers,1980,133,7.9,60        ,179888,57.23
348,Moon,2009,97,7.9,67        ,331081,5.01
349,Groundhog Day,1993,101,8.0,72        ,571261,70.91
350,Indiana Jones and the Last Crusade,1989,127,8.2,65        ,680397,197.17
351,Fried Green Tomatoes,1991,130,7.7,64        ,65834,82.42
352,Key Largo,1948,100,7.8,-,36482,
353,Midnight Cowboy,1969,113,7.8,79        ,99263,44.79
354,Do the Right Thing,1989,120,8.0,93        ,87071,27.55
355,American Gangster,2007,157,7.8,76        ,384917,130.16
356,Princess Mononoke,1997,134,8.4,76        ,334096,2.38
357,Adaptation.,2002,115,7.7,83        ,175514,22.25
358,District 9,2009,112,7.9,81        ,632201,115.65
359,The Girl with the Dragon Tattoo,2009,152,7.8,76        ,206732,10.1
360,The Untouchables,1987,119,7.9,79        ,274423,76.27
361,The Last of the Mohicans,1992,112,7.7,76        ,146464,75.51
362,Aladdin,1992,90,8.0,86        ,366887,217.35
363,Hell or High Water,2016,102,7.6,88        ,199728,26.86
364,True Grit,2010,110,7.6,80        ,306665,171.24
365,The Bourne Ultimatum,2007,115,8.0,85        ,599074,227.47
366,3 Idiots,2009,170,8.4,67        ,335028,6.53
367,Seven Samurai,1954,207,8.6,98        ,310090,0.27
368,The Elephant Man,1980,124,8.1,78        ,215992,
369,The Machinist,2004,101,7.7,61        ,352838,1.08
370,Incredibles 2,2018,118,7.6,80        ,241815,608.58
371,Dallas Buyers Club,2013,117,8.0,80        ,432510,27.3
372,Miller's Crossing,1990,115,7.7,66        ,124256,5.08
373,What's Eating Gilbert Grape,1993,118,7.8,73        ,211300,9.17
374,Big Hero 6,2014,102,7.8,74        ,403184,222.53
375,Captain Phillips,2013,134,7.8,82        ,414327,107.1
376,My Cousin Vinny,1992,120,7.6,68        ,104802,52.93
377,Fear and Loathing in Las Vegas,1998,118,7.6,41        ,256252,10.68
378,High Noon,1952,85,7.9,89        ,95909,9.45
379,Changeling,2008,141,7.7,63        ,235352,35.74
380,How to Train Your Dragon,2010,98,8.1,75        ,654993,217.58
381,The Boy in the Striped Pajamas,2008,94,7.8,55        ,186998,9.03
382,Road to Perdition,2002,117,7.7,72        ,243260,104.45
383,The Fighter,2010,116,7.8,79        ,335548,93.62
384,Fantastic Mr. Fox,2009,87,7.9,83        ,194361,21.0
385,The Pursuit of Happyness,2006,117,8.0,64        ,439811,163.57
386,Stalker,1979,162,8.2,-,113294,0.23
387,Lion,2016,118,8.0,69        ,208438,51.74
388,Gravity,2013,91,7.7,96        ,758743,274.09
389,Inside Man,2006,129,7.6,76        ,333044,88.51
390,It's a Wonderful Life,1946,130,8.6,89        ,390490,
391,Little Miss Sunshine,2006,101,7.8,80        ,433739,59.89
392,Spartacus,1960,197,7.9,87        ,122572,30.0
393,The Holy Mountain,1973,114,7.9,76        ,35828,0.06
394,Out of the Past,1947,97,8.0,-,32085,
395,Monty Python and the Holy Grail,1975,91,8.2,91        ,494019,1.23
396,Y Tu Mamá También,2001,106,7.6,88        ,114189,13.62
397,Raging Bull,1980,129,8.2,89        ,315859,23.38
398,Let the Right One In,2008,114,7.9,82        ,203340,2.12
399,Togo,2019,113,8.0,69        ,32368,
400,The Naked Gun: From the Files of Police Squad!,1988,85,7.6,76        ,149670,78.76
401,The King's Speech,2010,118,8.0,88        ,630669,138.8
402,Bridge of Spies,2015,142,7.6,81        ,282635,72.31
403,The Skin I Live In,2011,120,7.6,70        ,135959,3.19
404,Rebecca,1940,130,8.1,86        ,120272,4.36
405,Blazing Saddles,1974,93,7.7,73        ,124130,119.5
406,Slumdog Millionaire,2008,120,8.0,84        ,788914,141.32
407,Mad Max 2: The Road Warrior,1981,96,7.6,77        ,164270,12.47
408,I Saw the Devil,2010,144,7.8,67        ,107339,0.13
409,The Little Mermaid,1989,83,7.6,88        ,233214,111.54
410,Gattaca,1997,106,7.8,64        ,276925,12.34
411,Blow,2001,124,7.6,52        ,237574,52.99
412,The Magnificent Seven,1960,128,7.7,74        ,86406,4.91
413,The Fugitive,1993,130,7.8,87        ,263326,183.88
414,Dog Day Afternoon,1975,125,8.0,86        ,231975,50.0
415,When Harry Met Sally...,1989,95,7.6,76        ,191793,92.82
416,Sense and Sensibility,1995,136,7.6,84        ,100250,43.18
417,Star Trek Into Darkness,2013,132,7.7,72        ,459543,228.78
418,Goldfinger,1964,110,7.7,87        ,169540,51.08
419,The Graduate,1967,106,8.0,83        ,250788,104.95
420,Apollo 13,1995,140,7.6,77        ,263354,173.84
421,The Sandlot,1993,101,7.8,55        ,77713,32.42
422,Grave of the Fireflies,1988,89,8.5,94        ,227990,
423,Beauty and the Beast,1991,84,8.0,95        ,412184,218.97
424,The Legend of 1900,1998,169,8.1,58        ,57817,0.26
425,The Thin Red Line,1998,170,7.6,78        ,170062,36.4
426,Carlito's Way,1993,144,7.9,65        ,197732,36.95
427,Toy Story 3,2010,103,8.3,92        ,743738,415.0
428,Brazil,1985,132,7.9,84        ,185213,9.93
429,Creed,2015,133,7.6,82        ,243002,109.77
430,Wreck-It Ralph,2012,101,7.7,72        ,373486,189.42
431,Gifted,2017,101,7.6,60        ,96720,24.8
432,Indiana Jones and the Temple of Doom,1984,118,7.6,57        ,440622,179.87
433,Isle of Dogs,2018,101,7.9,82        ,134270,32.02
434,3:10 to Yuma,2007,122,7.7,76        ,285275,53.61
435,Gone Baby Gone,2007,114,7.6,72        ,246715,20.3
436,The Florida Project,2017,111,7.6,92        ,91290,5.9
437,Mr. Nobody,2009,141,7.8,63        ,212916,0.0
438,Blood Diamond,2006,143,8.0,64        ,491789,57.37
439,Barry Lyndon,1975,185,8.1,89        ,146428,
440,Boyz n the Hood,1991,112,7.8,76        ,122828,57.5
441,Searching,2018,102,7.6,71        ,135135,26.02
442,The Secret in Their Eyes,2009,129,8.2,80        ,189237,6.39
443,Nosferatu,1922,94,7.9,-,87208,
444,This Is Spinal Tap,1984,82,7.9,92        ,127167,0.19
445,Rushmore,1998,93,7.7,86        ,166663,17.11
446,Despicable Me,2010,95,7.6,72        ,493335,251.51
447,The Raid: Redemption,2011,101,7.6,73        ,188040,4.11
448,Dangal,2016,161,8.4,-,149882,12.39
449,Only the Brave,2017,134,7.6,72        ,55624,18.34
450,Detachment,2011,98,7.7,52        ,75468,0.07
451,Dawn of the Dead,1978,127,7.9,71        ,109784,5.1
452,Falling Down,1993,113,7.6,56        ,167587,40.9
453,Dogville,2003,178,8.0,60        ,135685,1.53
454,To Kill a Mockingbird,1962,129,8.2,88        ,290174,
455,Frankenstein,1931,70,7.8,91        ,63907,
456,A Bronx Tale,1993,121,7.8,80        ,125793,17.27
457,La Haine,1995,98,8.1,-,145969,0.31
458,Rain Man,1988,133,8.0,65        ,466871,178.8
459,Boyhood,2014,165,7.9,100        ,331915,25.38
460,Lost Highway,1997,134,7.6,52        ,128424,3.8
461,Empire of the Sun,1987,153,7.7,62        ,113771,22.24
462,Paddington 2,2017,103,7.8,88        ,58682,40.44
463,"Synecdoche, New York",2008,124,7.6,67        ,81076,3.08
464,Das Boot,1981,149,8.3,86        ,227885,11.49
465,Straight Outta Compton,2015,147,7.8,72        ,176901,161.2
466,Wild Tales,2014,122,8.1,77        ,172134,3.11
467,In the Mood for Love,2000,98,8.1,85        ,120385,2.73
468,The Farewell,2019,100,7.6,89        ,46296,16.88
469,The Boondock Saints,1999,108,7.8,44        ,225317,0.03
470,Doctor Zhivago,1965,197,8.0,69        ,68684,111.72
471,Life of Pi,2012,127,7.9,79        ,572599,124.99
472,As Good as It Gets,1997,139,7.7,67        ,271087,148.48
473,Roma,2018,135,7.7,96        ,136006,
474,Ray,2004,152,7.7,73        ,136624,75.33
475,Traffic,2000,147,7.6,86        ,193781,124.12
476,Singin' in the Rain,1952,103,8.3,99        ,214609,8.82
477,The Great Escape,1963,172,8.2,86        ,220963,12.1
478,Dil Bechara,2020,101,7.9,-,104271,
479,Breakfast at Tiffany's,1961,115,7.6,76        ,163909,
480,Cinema Paradiso,1988,155,8.5,80        ,225029,11.99
481,Eastern Promises,2007,100,7.6,82        ,224748,17.11
482,Awakenings,1990,121,7.8,74        ,121799,52.1
483,Toy Story 2,1999,92,7.9,88        ,517506,245.85
484,Dark City,1998,100,7.6,66        ,185898,14.38
485,Planet of the Apes,1968,112,8.0,79        ,163464,33.4
486,National Lampoon's Christmas Vacation,1989,97,7.6,49        ,148729,71.32
487,A Silent Voice: The Movie,2016,130,8.1,78        ,42397,
488,My Neighbor Totoro,1988,86,8.2,86        ,281670,1.11
489,Metropolis,1927,153,8.3,98        ,157244,1.24
490,"Paris, Texas",1984,145,8.1,78        ,87663,2.18
491,Philadelphia,1993,125,7.7,66        ,220650,77.32
492,Lethal Weapon,1987,109,7.6,68        ,233251,65.21
493,Ben-Hur,1959,212,8.1,90        ,215950,74.7
494,Klaus,2019,96,8.2,65        ,76844,
495,JFK,1991,189,8.0,72        ,139503,70.41
496,A Fistful of Dollars,1964,99,8.0,65        ,194111,14.5
497,The Innocents,1961,100,7.8,88        ,26187,2.62
498,Before Sunset,2004,80,8.1,90        ,230636,5.82
499,End of Watch,2012,109,7.6,68        ,225336,41.0
500,Hachi: A Dog's Tale,2009,93,8.1,-,247579,
501,Monty Python's Life of Brian,1979,94,8.1,77        ,361330,20.05
502,Sunset Blvd.,1950,110,8.4,-,197483,
503,Butch Cassidy and the Sundance Kid,1969,110,8.0,66        ,199782,102.31
504,The Seventh Seal,1957,96,8.2,88        ,160715,
505,Ghost in the Shell,1995,83,8.0,76        ,126380,0.52
506,The Wrestler,2008,109,7.9,80        ,287069,26.24
507,Ed Wood,1994,127,7.8,70        ,163404,5.89
508,Shoplifters,2018,121,8.0,93        ,58018,3.31
509,Kung Fu Hustle,2004,99,7.7,78        ,125418,17.11
510,Gandhi,1982,191,8.0,79        ,215771,52.77
511,The Color Purple,1985,154,7.8,78        ,76943,98.47
512,7 Kogustaki Mucize,2019,132,8.3,-,30002,
513,The Jungle Book,1967,78,7.6,65        ,163333,141.84
514,Some Like It Hot,1959,121,8.2,98        ,239574,25.0
515,October Sky,1999,108,7.8,71        ,81161,32.48
516,Match Point,2005,124,7.6,72        ,203724,23.09
517,Loveless,2017,127,7.6,86        ,28762,0.57
518,Lord of War,2005,122,7.6,62        ,290875,24.15
519,Andhadhun,2018,139,8.3,-,67222,1.37
520,The Conversation,1974,113,7.8,85        ,96255,4.42
521,The Fall,2006,117,7.9,64        ,106213,2.28
522,Ip Man,2008,106,8.0,59        ,208915,
523,Battle Royale,2000,114,7.6,81        ,167084,
524,The Sting,1973,129,8.3,83        ,237657,159.6
525,The Bridge on the River Kwai,1957,161,8.1,87        ,200029,44.91
526,"Planes, Trains and Automobiles",1987,93,7.6,72        ,119966,49.53
527,Annie Hall,1977,93,8.0,92        ,249150,39.2
528,Perfect Blue,1997,81,8.0,-,55143,0.78
529,Dawn of the Planet of the Apes,2014,130,7.6,79        ,407896,208.55
530,The Lego Movie,2014,100,7.7,83        ,320453,257.76
531,The Ten Commandments,1956,220,7.9,-,62617,93.74
532,"Blood In, Blood Out",1993,180,8.0,47        ,28447,4.5
533,How to Train Your Dragon 2,2014,102,7.8,76        ,300042,177.0
534,"Crouching Tiger, Hidden Dragon",2000,120,7.8,94        ,250368,128.08
535,Dirty Harry,1971,102,7.7,90        ,141265,35.9
536,This Is England,2006,101,7.7,86        ,114558,0.33
537,Before Midnight,2013,109,7.9,94        ,137743,8.11
538,In the Name of the Father,1993,133,8.1,84        ,153836,25.01
539,The Illusionist,2006,110,7.6,68        ,351588,39.87
540,The Bridges of Madison County,1995,135,7.6,66        ,71654,71.52
541,After Hours,1985,97,7.7,90        ,57431,10.6
542,Enter the Dragon,1973,102,7.7,83        ,94903,25.0
543,Funny Games,1997,108,7.6,69        ,63323,
544,Robin Hood,1973,83,7.6,57        ,113461,32.06
545,The Last Emperor,1987,163,7.7,76        ,92479,43.98
546,Billy Elliot,2000,110,7.7,74        ,124633,22.0
547,Kramer vs. Kramer,1979,105,7.8,77        ,130699,106.26
548,Escape from Alcatraz,1979,112,7.6,76        ,118455,43.0
549,Malcolm X,1992,202,7.7,73        ,84006,48.17
550,Blood Simple,1984,99,7.6,82        ,86010,2.15
551,Harakiri,1962,133,8.6,85        ,38581,
552,Kiki's Delivery Service,1989,103,7.8,83        ,119519,
553,The Outlaw Josey Wales,1976,135,7.8,69        ,64523,31.8
554,Naked,1993,132,7.8,84        ,33573,1.77
555,For a Few Dollars More,1965,132,8.3,74        ,227985,15.0
556,All the President's Men,1976,138,8.0,84        ,100512,70.6
557,The Name of the Rose,1986,130,7.7,54        ,99789,7.15
558,The Last Picture Show,1971,118,8.0,93        ,41544,29.13
559,Die Hard with a Vengeance,1995,128,7.6,58        ,358680,100.01
560,Ran,1985,162,8.2,96        ,109897,4.14
561,50/50,2011,100,7.6,72        ,312798,35.01
562,The General,1926,67,8.1,-,79375,1.03
563,A Separation,2011,123,8.3,95        ,215506,7.1
564,Giant,1956,201,7.6,84        ,33462,
565,Amores Perros,2000,154,8.1,83        ,220335,5.38
566,Paths of Glory,1957,88,8.4,90        ,174169,
567,Glengarry Glen Ross,1992,100,7.7,82        ,94355,10.73
568,Gangs of Wasseypur,2012,321,8.2,89        ,79426,
569,The French Connection,1971,104,7.7,94        ,108036,15.63
570,Ponyo,2008,101,7.7,86        ,121472,15.09
571,Snow White and the Seven Dwarfs,1937,83,7.6,95        ,178228,184.93
572,I Am Sam,2001,132,7.7,28        ,141567,40.31
573,Sling Blade,1996,135,8.0,84        ,85983,24.48
574,Bride of Frankenstein,1935,75,7.8,95        ,42551,4.36
575,Hotel Rwanda,2004,121,8.1,79        ,330503,23.53
576,The Iron Giant,1999,86,8.0,85        ,169210,23.16
577,M,1931,99,8.3,-,140497,0.03
578,La Vie En Rose,2007,140,7.6,66        ,81689,10.3
579,Papillon,1973,151,8.0,58        ,119924,53.27
580,The Man from Earth,2007,87,7.9,-,171513,
581,The Artist,2011,100,7.9,89        ,228136,44.67
582,Serpico,1973,130,7.7,87        ,107471,29.8
583,Taare Zameen Par,2007,165,8.4,-,163530,1.22
584,Cool Hand Luke,1967,127,8.1,92        ,159212,16.22
585,8½,1963,138,8.0,-,107018,0.05
586,Seven Pounds,2008,123,7.6,36        ,283229,69.95
587,On the Waterfront,1954,108,8.1,91        ,139523,9.6
588,Nausicaä of the Valley of the Wind,1984,117,8.1,86        ,146513,0.5
589,The Wild Bunch,1969,135,7.9,97        ,76414,12.06
590,Barton Fink,1991,116,7.7,69        ,111466,6.15
591,Once,2007,86,7.8,88        ,109483,9.44
592,What Ever Happened to Baby Jane?,1962,134,8.1,75        ,49111,4.05
593,Freaks,1932,64,7.9,80        ,41404,
594,Clerks,1994,92,7.7,70        ,209795,3.15
595,To Be or Not to Be,1942,99,8.2,86        ,28207,
596,Solaris,1972,167,8.1,90        ,78944,
597,Cabaret,1972,124,7.8,80        ,47533,42.77
598,Network,1976,121,8.1,83        ,142697,
599,Mississippi Burning,1988,128,7.8,65        ,86484,34.6
600,The Body,2012,112,7.6,-,55235,
601,Dial M for Murder,1954,105,8.2,75        ,154675,0.01
602,Midnight Express,1978,121,7.6,59        ,72509,35.0
603,King Kong,1933,100,7.9,90        ,77821,10.0
604,The Raid 2,2014,150,8.0,71        ,112632,2.63
605,The Best Offer,2013,131,7.8,49        ,105903,0.09
606,A Streetcar Named Desire,1951,122,8.0,97        ,97676,8.0
607,The Apartment,1960,125,8.3,94        ,160453,18.6
608,Peeping Tom,1960,101,7.7,-,30362,0.08
609,Mother,2009,129,7.8,79        ,49869,0.55
610,Bonnie and Clyde,1967,111,7.8,86        ,100710,
611,Dancer in the Dark,2000,140,8.0,61        ,100546,4.18
612,Finding Neverland,2004,106,7.7,67        ,196762,51.68
613,Hero,2002,120,7.9,85        ,172547,53.71
614,The Man Who Shot Liberty Valance,1962,123,8.1,94        ,67598,
615,Rebel Without a Cause,1955,111,7.7,89        ,82030,
616,The Invisible Man,1933,71,7.7,87        ,29629,
617,Ordinary People,1980,124,7.7,86        ,46060,54.8
618,My Fair Lady,1964,170,7.8,95        ,85169,72.0
619,A Little Princess,1995,97,7.7,83        ,31676,10.02
620,The Tenant,1976,126,7.7,-,38860,1.92
621,The Dirty Dozen,1967,150,7.7,73        ,66153,45.3
622,Dangerous Liaisons,1988,119,7.6,74        ,63644,34.7
623,The King of Comedy,1982,109,7.8,73        ,85332,2.5
624,Roman Holiday,1953,118,8.0,78        ,125320,
625,Happiness,1998,134,7.7,81        ,65669,2.81
626,Star Trek II: The Wrath of Khan,1982,113,7.7,67        ,111233,78.91
627,21 Grams,2003,124,7.7,70        ,222050,16.29
628,In the Heat of the Night,1967,110,7.9,75        ,66418,24.38
629,All About Eve,1950,138,8.2,98        ,118461,0.01
630,Eyes Without a Face,1960,90,7.7,90        ,26632,0.05
631,Badlands,1973,94,7.8,93        ,64464,
632,The Maltese Falcon,1941,100,8.0,96        ,147254,2.11
633,Where Eagles Dare,1968,158,7.7,63        ,51018,
634,The Great Dictator,1940,125,8.4,-,198916,0.29
635,Lucky Number Slevin,2006,110,7.7,53        ,297436,22.49
636,Short Term 12,2013,96,8.0,82        ,80239,1.01
637,Drishyam,2015,163,8.2,-,67065,0.74
638,Double Indemnity,1944,107,8.3,95        ,140714,5.72
639,Beasts of No Nation,2015,137,7.7,79        ,72193,0.08
640,Tumbbad,2018,104,8.3,-,25118,
641,Persona,1966,83,8.1,86        ,100015,
642,Fanny and Alexander,1982,188,8.1,100        ,56591,4.97
643,The Great Beauty,2013,141,7.8,86        ,79336,2.85
644,Baahubali: The Beginning,2015,159,8.1,-,100751,6.74
645,Wings of Desire,1987,128,8.0,79        ,63385,3.33
646,A Man Called Ove,2015,116,7.7,70        ,45566,3.36
647,Flipped,2010,90,7.7,45        ,80257,1.75
648,The Insider,1999,157,7.8,84        ,157616,28.97
649,Rope,1948,80,8.0,73        ,126925,
650,Pink Floyd: The Wall,1982,95,8.1,47        ,75102,22.24
651,The Exterminating Angel,1962,95,8.1,-,29034,
652,The Remains of the Day,1993,134,7.8,84        ,64477,22.95
653,The Cabinet of Dr. Caligari,1920,67,8.1,-,56089,
654,A Christmas Story,1983,94,7.9,77        ,127930,20.61
655,Castle in the Sky,1986,125,8.0,78        ,146518,
656,Sing Street,2016,106,7.9,79        ,83414,3.24
657,Mommy,2014,139,8.1,74        ,49187,3.49
658,Days of Heaven,1978,94,7.8,93        ,51547,
659,Chungking Express,1994,102,8.1,77        ,60750,0.6
660,Paprika,2006,90,7.7,81        ,69245,0.88
661,Fiddler on the Roof,1971,181,8.0,67        ,38631,80.5
662,La Dolce Vita,1960,174,8.0,95        ,65152,19.52
663,"South Park: Bigger, Longer & Uncut",1999,81,7.7,73        ,190466,52.04
664,Cape Fear,1962,106,7.7,76        ,25896,
665,Neon Genesis Evangelion: The End of Evangelion,1997,87,8.1,-,37042,
666,Modern Times,1936,87,8.5,96        ,213002,0.16
667,Death Note,2006,126,7.7,-,28314,
668,All That Jazz,1979,123,7.9,72        ,27527,37.82
669,Three Colors: Red,1994,99,8.1,100        ,88572,4.04
670,Witness for the Prosecution,1957,116,8.4,-,105834,8.18
671,Rio Bravo,1959,141,8.0,93        ,55139,12.54
672,Kubo and the Two Strings,2016,101,7.8,84        ,115762,48.02
673,The Straight Story,1999,112,8.0,86        ,80456,6.2
674,Charade,1963,113,7.9,83        ,66877,13.47
675,Hamlet,1996,242,7.7,-,35653,4.41
676,Three Colors: Blue,1993,94,7.9,85        ,87208,1.32
677,Blow-Up,1966,111,7.6,82        ,55398,
678,Black Book,2006,145,7.7,71        ,71833,4.4
679,Sabrina,1954,113,7.7,72        ,58114,
680,Breathless,1960,90,7.9,-,71612,0.34
681,Letters from Iwo Jima,2006,141,7.9,89        ,152558,13.76
682,The Last King of Scotland,2006,123,7.7,74        ,173361,17.61
683,Frost/Nixon,2008,122,7.7,80        ,101812,18.59
684,The Secret World of Arrietty,2010,94,7.6,80        ,78454,19.2
685,Manhattan,1979,96,7.9,83        ,129770,45.7
686,The Broken Circle Breakdown,2012,111,7.8,70        ,38809,0.18
687,Me and Earl and the Dying Girl,2015,105,7.7,74        ,121237,6.74
688,East of Eden,1955,118,7.9,72        ,39622,
689,Cinderella Man,2005,144,8.0,69        ,174038,61.65
690,The Wind Rises,2013,126,7.8,83        ,71027,5.21
691,Victoria,2015,138,7.6,77        ,51361,
692,Stagecoach,1939,96,7.8,93        ,42614,
693,Mary and Max,2009,92,8.1,-,161951,
694,Rashomon,1950,88,8.2,98        ,149400,0.1
695,The Third Man,1949,93,8.1,97        ,156225,0.45
696,Tangerines,2013,87,8.2,73        ,38147,0.14
697,Harold and Maude,1971,91,7.9,62        ,69823,
698,Repulsion,1965,105,7.7,91        ,48018,
699,Patton,1970,172,7.9,91        ,92745,61.7
700,25th Hour,2002,135,7.6,68        ,168336,13.06
701,Guess Who's Coming to Dinner,1967,108,7.8,63        ,38646,56.7
702,Breaking the Waves,1996,159,7.8,76        ,61445,4.04
703,It Happened One Night,1934,105,8.1,87        ,92008,4.36
704,The Killing Fields,1984,141,7.8,76        ,50833,34.7
705,The Wave,2008,107,7.6,-,101225,
706,Pride,2014,119,7.8,79        ,50893,
707,Strangers on a Train,1951,101,7.9,88        ,121646,7.63
708,Baahubali 2: The Conclusion,2017,167,8.2,-,73125,20.19
709,Sherlock Jr.,1924,45,8.2,-,40303,0.98
710,Judgment at Nuremberg,1961,179,8.2,60        ,67968,
711,The Mirror,1975,107,8.1,-,38573,0.18
712,The Verdict,1982,129,7.7,77        ,35332,54.0
713,Amour,2012,127,7.9,94        ,91626,6.74
714,Open Your Eyes,1997,119,7.7,-,63204,0.37
715,PK,2014,153,8.1,-,158462,10.62
716,The Man from Nowhere,2010,119,7.8,-,61409,0.01
717,My Left Foot,1989,103,7.9,97        ,66664,14.74
718,Kelly's Heroes,1970,144,7.6,50        ,44552,1.38
719,Nebraska,2013,115,7.7,87        ,111063,17.65
720,Fantasia,1940,125,7.7,96        ,87232,76.41
721,Touch of Evil,1958,95,8.0,99        ,97242,2.24
722,Dead Man's Shoes,2004,90,7.6,52        ,48744,0.01
723,The Secret of NIMH,1982,82,7.6,76        ,35683,10.14
724,Ikiru,1952,143,8.3,-,66268,0.06
725,Run Lola Run,1998,80,7.6,77        ,186575,7.27
726,The Celebration,1998,105,8.0,82        ,76716,1.65
727,Dead Man,1995,121,7.6,62        ,89059,1.04
728,From Here to Eternity,1953,118,7.6,85        ,42610,30.5
729,His Girl Friday,1940,92,7.9,-,52591,0.3
730,The Day of the Jackal,1973,143,7.8,80        ,36763,16.06
731,The Night of the Hunter,1955,92,8.0,99        ,80612,0.65
732,Loving Vincent,2017,94,7.8,62        ,49022,6.74
733,The Best Years of Our Lives,1946,170,8.0,93        ,56523,23.65
734,Wild Strawberries,1957,91,8.2,88        ,93770,
735,The Red Shoes,1948,135,8.1,-,30182,10.9
736,The Chaser,2008,125,7.8,64        ,56817,
737,The World's Fastest Indian,2005,127,7.8,68        ,51426,5.13
738,The Killing,1956,84,8.0,91        ,80142,
739,Perfect Strangers,2016,96,7.8,-,55037,
740,The Hustler,1961,134,8.0,90        ,74258,8.28
741,The Shop Around the Corner,1940,99,8.1,96        ,27000,0.2
742,Notorious,1946,102,7.9,100        ,90899,10.46
743,Lagaan: Once Upon a Time in India,2001,224,8.1,84        ,103169,0.07
744,Infernal Affairs,2002,101,8.0,75        ,116772,0.17
745,Mysterious Skin,2004,105,7.6,73        ,65268,0.7
746,Thank You for Smoking,2005,92,7.6,71        ,211485,24.79
747,The Big Sleep,1946,114,7.9,-,77800,6.54
748,"I, Daniel Blake",2016,100,7.9,78        ,52092,0.26
749,Bicycle Thieves,1948,89,8.3,-,142838,0.33
750,Belle de Jour,1967,100,7.7,-,39412,0.03
751,City Lights,1931,87,8.5,99        ,164104,0.02
752,Good Bye Lenin!,2003,121,7.7,68        ,136222,4.06
753,Whisper of the Heart,1995,111,7.9,75        ,49691,
754,The Double Life of Véronique,1991,98,7.8,86        ,41019,2.0
755,The Longest Day,1962,178,7.8,75        ,51557,39.1
756,The Manchurian Candidate,1962,126,7.9,94        ,70405,
757,Children of Heaven,1997,89,8.3,77        ,63180,0.93
758,"Spring, Summer, Fall, Winter... and Spring",2003,103,8.0,85        ,75995,2.38
759,Watership Down,1978,91,7.6,64        ,33194,
760,Anatomy of a Murder,1959,161,8.0,95        ,58765,11.9
761,Waking Life,2001,99,7.8,83        ,60095,2.89
762,Being There,1979,130,8.0,83        ,64546,30.18
763,High and Low,1963,143,8.4,-,32143,
764,Paper Moon,1973,102,8.1,77        ,41508,30.93
765,La Strada,1954,108,8.0,-,57320,
766,The Day the Earth Stood Still,1951,92,7.7,-,75594,
767,The Treasure of the Sierra Madre,1948,126,8.2,98        ,112284,5.01
768,The Adventures of Robin Hood,1938,102,7.9,97        ,46569,3.98
769,Invasion of the Body Snatchers,1956,80,7.7,92        ,44145,
770,Fallen Angels,1995,99,7.7,71        ,25062,
771,The Motorcycle Diaries,2004,126,7.8,75        ,95694,16.76
772,The Diving Bell and the Butterfly,2007,112,8.0,92        ,102330,5.99
773,The Conformist,1970,113,8.0,100        ,26267,0.54
774,Porco Rosso,1992,94,7.7,83        ,75057,
775,On Golden Pond,1981,109,7.6,68        ,27154,119.29
776,Winter Sleep,2014,196,8.1,88        ,44320,0.17
777,Song of the Sea,2014,93,8.1,85        ,49647,0.86
778,The Quiet Man,1952,129,7.7,-,34009,10.55
779,Short Cuts,1993,188,7.7,79        ,41773,6.11
780,The 400 Blows,1959,99,8.1,-,102758,
781,Yojimbo,1961,110,8.2,-,108655,
782,5 Centimeters Per Second,2007,63,7.6,-,49718,
783,Zulu,1964,138,7.7,77        ,35335,
784,All About My Mother,1999,101,7.8,87        ,87670,8.26
785,Andrei Rublev,1966,205,8.1,-,45321,0.1
786,The Muppet Movie,1979,95,7.6,74        ,32113,76.66
787,The Vanishing,1988,107,7.7,-,33242,
788,The Philadelphia Story,1940,112,7.9,96        ,62416,
789,Secrets & Lies,1996,136,8.0,91        ,36736,13.42
790,Red River,1948,133,7.8,-,27630,
791,Laura,1944,88,8.0,-,41957,4.36
792,K.G.F: Chapter 1,2018,156,8.2,-,32507,
793,Withnail & I,1987,107,7.7,84        ,39634,1.54
794,Who's Afraid of Virginia Woolf?,1966,131,8.0,75        ,68125,
795,The Little Prince,2015,108,7.7,70        ,55482,1.34
796,Sympathy for Mr. Vengeance,2002,129,7.6,56        ,61465,0.05
797,The Man Who Would Be King,1975,129,7.8,91        ,43336,
798,The Long Goodbye,1973,112,7.6,87        ,25505,0.96
799,Delicatessen,1991,99,7.6,66        ,79449,1.79
800,Leviathan,2014,140,7.6,92        ,48348,1.09
801,Philomena,2013,98,7.6,77        ,93120,37.71
802,"Aguirre, the Wrath of God",1972,95,7.9,-,51317,
803,The Tale of The Princess Kaguya,2013,137,8.0,89        ,36975,1.51
804,A Very Long Engagement,2004,133,7.6,76        ,70364,6.17
805,Talk to Her,2002,112,7.9,86        ,103297,9.28
806,Wait Until Dark,1967,108,7.8,81        ,27296,17.55
807,The Battle of Algiers,1966,121,8.1,96        ,51645,0.06
808,Elite Squad,2007,115,8.1,33        ,96934,0.01
809,Hannah and Her Sisters,1986,107,7.9,90        ,66144,40.08
810,When Marnie Was There,2014,103,7.7,72        ,31166,0.77
811,Arsenic and Old Lace,1944,118,8.0,-,64374,
812,The Hurricane,1999,146,7.6,74        ,90437,50.67
813,The Kid,1921,68,8.3,-,110274,5.45
814,Hedwig and the Angry Inch,2001,95,7.7,85        ,31597,3.03
815,The Lion in Winter,1968,134,7.9,-,28569,22.28
816,Le Samouraï,1967,101,8.1,-,44324,0.04
817,Tokyo Story,1953,136,8.2,-,51183,
818,The White Ribbon,2009,144,7.8,82        ,67689,2.22
819,The Return,2003,110,8.0,82        ,41615,0.5
820,Three Colors: White,1994,92,7.6,88        ,62480,1.46
821,Underground,1995,167,8.1,-,54442,0.17
822,The Message,1976,177,8.2,-,43141,
823,All Quiet on the Western Front,1930,152,8.0,91        ,56602,3.27
824,The Grapes of Wrath,1940,129,8.0,96        ,84854,0.06
825,Talvar,2015,132,8.2,-,30265,0.34
826,Contempt,1963,102,7.6,-,28226,0.04
827,Gully Boy,2019,153,8.1,65        ,30235,5.57
828,Shadow of a Doubt,1943,108,7.8,94        ,58390,
829,Mr. Smith Goes to Washington,1939,129,8.1,73        ,105110,9.6
830,3-Iron,2004,88,8.0,72        ,49184,0.24
831,Land of Mine,2015,100,7.8,75        ,34305,0.44
832,To Have and Have Not,1944,100,7.8,-,30468,
833,Fitzcarraldo,1982,158,8.1,-,30783,
834,Diabolique,1955,117,8.0,-,60609,
835,The Station Agent,2003,89,7.6,81        ,66786,5.74
836,The Wages of Fear,1953,131,8.1,85        ,53375,
837,Once Were Warriors,1994,102,7.9,77        ,31087,2.2
838,Lifeboat,1944,97,7.6,78        ,26023,
839,The Taking of Pelham One Two Three,1974,104,7.7,68        ,25984,
840,Head-On,2004,121,7.9,78        ,50527,
841,Ninja Scroll,1993,94,7.9,-,34023,
842,Control,2007,122,7.7,78        ,60869,0.87
843,Lilya 4-Ever,2002,109,7.8,82        ,42082,0.18
844,Cat on a Hot Tin Roof,1958,108,8.0,84        ,44237,17.57
845,The African Queen,1951,105,7.7,91        ,70504,0.54
846,Shine,1996,105,7.7,87        ,50732,35.81
847,In a Lonely Place,1950,94,8.0,-,25657,
848,Duck You Sucker,1971,138,7.6,77        ,29533,0.7
849,A Prophet,2009,155,7.9,90        ,92407,2.08
850,The Hidden Fortress,1958,126,8.1,-,33692,
851,White Heat,1949,114,8.1,-,29176,
852,Ayla: The Daughter of War,2017,125,8.4,-,32665,
853,The Salesman,2016,124,7.8,85        ,49319,2.4
854,In America,2002,105,7.7,76        ,40157,15.54
855,Gilda,1946,110,7.7,-,27411,
856,Cowboy Bebop: The Movie,2001,115,7.9,61        ,42225,1.0
857,Ivan's Childhood,1962,84,8.1,-,30604,
858,Rififi,1955,118,8.2,97        ,27147,0.06
859,Kal ho naa ho,2003,186,8.0,54        ,62337,1.79
860,Night on Earth,1991,129,7.8,68        ,54308,2.02
861,Zindagi Na Milegi Dobara,2011,155,8.1,-,66192,3.11
862,A Man for All Seasons,1966,120,7.7,72        ,30696,28.35
863,Love Me If You Dare,2003,93,7.6,45        ,66656,0.55
864,Miracle on 34th Street,1947,96,7.9,88        ,39205,2.65
865,Amarcord,1973,123,7.9,-,39121,
866,The Experiment,2001,120,7.7,60        ,90157,0.14
867,The Sea Inside,2004,126,8.0,74        ,76611,2.09
868,The 39 Steps,1935,86,7.6,93        ,50868,
869,Bajrangi Bhaijaan,2015,163,8.0,-,70455,8.18
870,The Bandit,1996,128,8.2,-,62490,
871,Stalag 17,1953,120,8.0,84        ,50501,
872,The Lady Vanishes,1938,96,7.8,-,46481,
873,Chhichhore,2019,143,8.2,-,30459,0.9
874,Uri: The Surgical Strike,2019,138,8.3,-,41816,4.19
875,The Lunchbox,2013,104,7.8,76        ,49356,4.23
876,Cries & Whispers,1972,91,8.1,-,29396,1.74
877,Fearless,2006,104,7.6,70        ,72246,24.63
878,Wolf Children,2012,117,8.1,71        ,37586,
879,Throne of Blood,1957,110,8.1,-,45481,
880,Bringing Up Baby,1938,102,7.9,91        ,54189,
881,Crimes and Misdemeanors,1989,104,7.9,77        ,53831,18.25
882,The Odd Couple,1968,105,7.7,86        ,31059,44.53
883,Jules and Jim,1962,105,7.8,97        ,36796,
884,The Discreet Charm of the Bourgeoisie,1972,102,7.9,93        ,37710,0.2
885,After the Wedding,2006,120,7.7,78        ,31507,0.41
886,Rang De Basanti,2006,167,8.2,-,109742,2.2
887,Mustang,2015,97,7.6,83        ,34901,0.85
888,The Secret of Kells,2009,75,7.6,81        ,30616,0.69
889,Persepolis,2007,96,8.0,90        ,87407,4.45
890,Haider,2014,160,8.1,-,49649,0.9
891,My Name Is Khan,2010,165,8.0,50        ,97079,4.02
892,Raise the Red Lantern,1991,125,8.1,-,28980,2.6
893,The Gold Rush,1925,95,8.2,-,98472,5.45
894,Kagemusha,1980,162,8.0,84        ,31530,
895,Harvey,1950,104,7.9,-,52094,
896,My Father and My Son,2005,112,8.3,-,76806,
897,Rockstar,2011,159,7.7,-,38595,0.99
898,Hiroshima Mon Amour,1959,90,7.9,-,27672,0.09
899,Once Upon a Time in Anatolia,2011,157,7.9,82        ,40286,0.14
900,Hard Boiled,1992,128,7.8,-,46125,
901,Battleship Potemkin,1925,66,8.0,-,52116,0.05
902,Brief Encounter,1945,86,8.0,92        ,34771,
903,Batman: Mask of the Phantasm,1993,76,7.8,-,42867,5.62
904,Elite Squad 2: The Enemy Within,2010,115,8.0,71        ,78446,0.1
905,Kahaani,2012,122,8.1,-,56784,1.04
906,The Chorus,2004,97,7.9,56        ,56489,3.64
907,The Passion of Joan of Arc,1928,114,8.1,-,46290,0.02
908,Darbareye Elly,2009,119,8.0,87        ,44164,0.11
909,The Virgin Spring,1960,89,8.1,-,26188,1.53
910,Pink,2016,136,8.1,-,38065,1.24
911,Sholay,1975,162,8.2,-,50489,
912,Lupin the 3rd: Castle of Cagliostro,1979,102,7.7,71        ,26170,
913,C.R.A.Z.Y.,2005,129,7.9,81        ,31226,
914,Il Postino,1994,108,7.7,81        ,33037,21.85
915,Anand,1971,122,8.5,-,28814,
916,Evil,2003,113,7.8,61        ,35260,0.02
917,Queen,2013,146,8.2,-,59841,1.43
918,The Thin Man,1934,91,8.0,86        ,25932,
919,Only Yesterday,1991,118,7.6,90        ,25872,0.45
920,Duck Soup,1933,69,7.8,93        ,54960,
921,L'Avventura,1960,144,7.9,-,25874,
922,Adam's Apples,2005,94,7.8,51        ,44695,0.0
923,Sunrise,1927,94,8.1,-,46299,0.54
924,Sleuth,1972,138,8.0,-,44252,4.08
925,Kind Hearts and Coronets,1949,106,8.0,-,33948,
926,Jab We Met,2007,138,7.9,-,46721,0.41
927,The Girl Who Leapt Through Time,2006,98,7.7,-,59051,
928,Swades,2004,189,8.2,-,81778,1.22
929,In a Better World,2010,118,7.6,65        ,38123,1.01
930,"Black Cat, White Cat",1998,127,8.1,73        ,50063,0.35
931,Vampire Hunter D: Bloodlust,2000,103,7.7,62        ,28780,0.15
932,Vivre Sa Vie,1962,85,8.0,-,27142,
933,Inherit the Wind,1960,128,8.1,75        ,26841,
934,A Night at the Opera,1935,96,7.9,-,30149,2.54
935,Down by Law,1986,107,7.8,75        ,47122,1.44
936,Joint Security Area,2000,110,7.8,58        ,25786,
937,The Ladykillers,1955,91,7.7,91        ,25754,
938,My Sassy Girl,2001,137,8.0,-,44873,
939,No Man's Land,2001,98,7.9,84        ,44111,1.06
940,The Past,2013,130,7.8,85        ,44330,1.33
941,Dilwale Dulhania Le Jayenge,1995,181,8.1,-,62231,
942,Ace in the Hole,1951,111,8.1,72        ,30792,3.97
943,Departures,2008,130,8.1,68        ,47880,1.5
944,"4 Months, 3 Weeks and 2 Days",2007,113,7.9,97        ,55752,1.19
945,Fireworks,1997,103,7.8,-,27158,0.23
946,Interstate 60: Episodes of the Road,2002,116,7.7,-,29522,
947,The Magdalene Sisters,2002,114,7.7,83        ,25676,4.89
948,Joyeux Noel,2005,116,7.7,70        ,27209,1.05
949,The Purple Rose of Cairo,1985,82,7.7,75        ,46380,10.63
950,Celda 211,2009,113,7.6,-,63127,
951,Nights of Cabiria,1957,110,8.1,-,42122,0.75
952,Sweet Smell of Success,1957,96,8.1,100        ,27448,
953,Knockin' on Heaven's Door,1997,87,8.0,-,27192,0.0
954,The Lost Weekend,1945,101,7.9,-,32977,9.46
955,Barfi!,2012,151,8.1,-,74446,2.8
956,Nine Queens,2000,114,7.9,80        ,49064,1.22
957,The Triplets of Belleville,2003,80,7.8,91        ,50088,7.0
958,Tokyo Godfathers,2003,92,7.8,73        ,30170,0.13
959,The Circus,1928,72,8.1,90        ,28350,
960,Badhaai Ho,2018,124,8.0,-,26732,
961,The Killer,1989,111,7.8,82        ,45150,
962,Udaan,2010,134,8.2,-,41776,0.01
963,The Visitor,2007,104,7.6,79        ,41276,9.42
964,Udta Punjab,2016,148,7.8,-,26527,
965,Au Revoir les Enfants,1987,104,8.0,88        ,30650,4.54
966,Dil Chahta Hai,2001,183,8.1,-,65789,0.3
967,Baby,2015,159,8.0,-,51994,
968,Andaz Apna Apna,1994,160,8.2,-,48576,
969,G.O.R.A.,2004,127,8.0,-,55500,
970,Love and Death,1975,85,7.7,89        ,35441,
971,The Muppet Christmas Carol,1992,85,7.7,64        ,46543,27.28
972,Sanjuro,1962,96,8.1,-,31912,
973,Dev.D,2009,144,8.0,-,28343,0.01
974,English Vinglish,2012,134,7.8,-,32986,1.67
975,Hera Pheri,2000,156,8.2,-,55489,
976,Special 26,2013,144,8.0,-,49991,1.08
977,Central Station,1998,110,8.0,80        ,35676,5.6
978,A Wednesday,2008,104,8.1,-,72929,
979,Zelig,1983,79,7.7,-,39376,11.8
980,Veer-Zaara,2004,192,7.8,67        ,48127,2.92
981,Lage Raho Munna Bhai,2006,144,8.1,-,42237,2.22
982,The Edge of Heaven,2007,122,7.8,85        ,30451,0.74
983,Kai Po Che,2013,120,7.7,40        ,31129,1.12
984,La Grande Illusion,1937,113,8.1,-,33339,0.17
985,Confessions,2010,106,7.8,-,35067,
986,Paan Singh Tomar,2012,135,8.2,-,32610,0.04
987,Munna Bhai M.B.B.S.,2003,156,8.1,-,72462,
988,The Rules of the Game,1939,110,8.0,-,26259,
989,Tae Guk Gi: The Brotherhood of War,2004,140,8.1,64        ,37465,1.11
990,OMG: Oh My God!,2012,125,8.1,-,50238,0.92
991,Chak De! India,2007,153,8.2,68        ,72722,1.11
992,Airlift,2016,130,8.0,-,52144,
993,Le Dîner de Cons,1998,80,7.7,73        ,36785,4.07
994,Vicky Donor,2012,126,7.8,-,39072,0.17
995,Black,2005,122,8.2,-,33006,0.73
996,Bhaag Milkha Bhaag,2013,186,8.2,-,59927,1.63
997,The Breath,2009,128,8.0,-,31332,
998,Vizontele,2001,110,8.0,-,32553,
999,Drishyam,2013,160,8.3,-,29965,
